{"wt":"want","cn":"can","hw":"how", "wnt":"won't","d":"the","u":"you","re":"are","gud":"good","ur":"your","dat":"that","4":"for","2":"to","yeah":"yes","yea":"yes","nd":"and","n":"and","nt":"not","dd":"did","brb":"be right back","luv":"love","grt":"great","pls":"please","thnks":"thanks","tanks":"thanks","tank":"thank","bt":"but","2u":"to you","dnt":"don't","dt":"that","cnt":"can't","students":"student","studnt":"student","hotel":"hostel","hostel":"hostel","academics":"academic","acada":"academics","sch":"school","skul":"school","admissions":"admission","admision":"admission","admisions":"admission","admition":"admission","info":"information","issues":"issue","prob":"problem","accoding":"according","moni":"morning","morng":"morning","msg":"message","am":"morning","pm":"evening","frnd":"friend","frd":"friend","convo":"convocation","synopsis":"outline","fees":"fee"}