{"1616709738":[0,"when is the deadline for school fees payment"],"1616709739":[1,"nothing is found"],"1616709755":[0,"hello"],"1616709756":[1,"Hi"],"1616709809":[0,"pls i wt u 2 help me with payment method"],"1616709810":[1,"nothing is found"],"1616709843":[0,"pls i wt u 2 help me with school fee payment"],"1616709844":[1,"Every Students are to pay the sum of #1.2m for the session."],"1616710908":[0,"course cut of mark"],"1616710921":[0,"course cut of mark"],"1616710922":[1,"nothing is found"],"1616710938":[0,"course cut of mark payment"],"1616710939":[1,"nothing is found"],"1616735629":[0,"hry"],"1616735650":[0,"hey"],"1616735651":[1,"nothing is found"],"1616735695":[0,"hbvseuhiu"],"1616735696":[1,"nothing is found"],"1616735801":[0,"kneui"],"1616735802":[1,"nothing is found"],"1616744662":[0,"hi"],"1616744663":[1,"Hello, how can i help you."],"1616744753":[0,"hello"],"1616744754":[1,"Hi"],"1616744988":[0,"hi"],"1616744989":[1,"Hello, how can i help you."],"1616745018":[0,"how much is school fees"],"1616745019":[1,"nothing is found"],"1616745032":[0,"how much is school fees"],"1616745033":[1,"nothing is found"],"1616745050":[0,"how can i pay my school fee"],"1616745051":[0,"how can i pay my school fee"],"1616745052":[1,"nothing is found"],"1616745060":[0,"what is your name"],"1616745071":[0,"what is your name"],"1616745072":[1,"nothing is found"],"1616745178":[0,"how much is school fees"],"1616745179":[1,"nothing is found"],"1616745273":[0,"how can i pay school fee"],"1616745402":[0,"hi"],"1616745403":[1,"Hello, how can i help you."],"1616745420":[0,"how can i pay my school fees"],"1616745421":[1,"Kindly check school website."],"1616745435":[0,"how much is school fees"],"1616745436":[1,"nothing is found"],"1616745454":[0,"how much is school fees"],"1616745455":[1,"nothing is found"],"1616745468":[0,"how can i pay school fee"],"1616745469":[1,"Kindly check school website."],"1616745483":[0,"what is your name"],"1616745484":[1,"I am Fahad."],"1616745602":[0,"how much is school fees"],"1616745603":[1,"nothing is found"],"1616745734":[0,"how much is school fee"],"1616745735":[1,"Every Students are to pay the sum of #1.2m for the session."],"1616745807":[0,"how much is departmental fee"],"1616745808":[1,"Departmental fee is #10,000"]}