{"i want to":{"check result exam time table 100 200 300 400 500 test":"result","do registration post utme post-utme out":"registration","know number change school course offer":"school","post utme result out admission list second first batch":"result","first second semester result out":"result"},"how can i":{"check post utme first second semester result":"result","check post utme result":"result","pay school fee payment":"payment","fee do change course":"school","unable change register login portal password correct":"school","how can pay school":"school","how can pay school fee":"school"},"how much":{"school how much fee session new ":"payment","department departmental payment fee":"payment","faculty fee sug association":"payment","how much school":""},"how many":{"course school offer":"school","student admission school":"school","faculty department course school":"school"},"can you":{"tell yourself about":"personalq","school tell activity curriculum calender":"school","guild do pay school fee":"payment"},"can i":{"know you meet":"personalq","what can you do":"personalq","pay school fee":"payment","pay school fee pay payment installmentally":"payment"},"what is":{"your name age purpose":"personalq","cut off mark course":"school","check school course":"school"},"what can i":{"pending result unable check result":"result","pending payment unable":"payment","change course":"school","unable register forgot login portal password correct":"school"},"when is":{"deadline payment school portal close fee department faculty acceptance":"payment","school resume close":"school","exam starting commence":"school","unable register forgot login portal password correct":"school"}}