{"hi":"Hello, how can i help you.","sure":"Alright","hello":"Hi","good morning":"Good morning","good evening":"Good evening","good day":"Good day","hello good morning":"Hi. Good morning how are you doing today","hello good evening":"Good evening hope you doing well","hello good afternoon":"Hi. Afternoon","yes":"okay","yeah":"okay","yea":"okay","k":"okay","ok":"okay","okay":"okay","how are you":"fine, thank you","thank you":"You are welcome","pardon":"Please can reframe you request.","i don't understand":"Pls can you reframe your question for me. Please.","bye":"Nice chatting you. Have a nice day.","do you understand me":"yes"}